Abdul-Kerim Edilov,sherdog.com/fighter/AbdulKerim-Edilov-63045
Abel Trujillo,sherdog.com/fighter/Abel-Trujillo-17129
Adriano Martins,sherdog.com/fighter/Adriano-Martins-9907
Aisling Daly,sherdog.com/fighter/Aisling-Daly-25245
Akbarh Arreola,sherdog.com/fighter/Akbarh-Arreola-6120
Al Iaquinta,sherdog.com/fighter/Al-Iaquinta-42817
Alan Jouban,sherdog.com/fighter/Alan-Jouban-65878
Alan Omer,sherdog.com/fighter/Alan-Omer-23437
Alan Patrick,sherdog.com/fighter/Alan-Patrick-Silva-Alves-31096
Albert Tumenov,sherdog.com/fighter/Albert-Tumenov-60198
Alberto Mina,sherdog.com/fighter/Alberto-Mina-16705
Alejandro Perez,sherdog.com/fighter/Alejandro-Perez-13428
Alex Caceres,sherdog.com/fighter/Alex-Caceres-41586
Alex Chambers,sherdog.com/fighter/Alex-Chambers-65649
Alex Garcia,sherdog.com/fighter/Alex-Garcia-54124
Alex Oliveira,sherdog.com/fighter/Alex-Oliveira-110143
Alex White,sherdog.com/fighter/Alex-White-55954
Alexander Gustafsson,sherdog.com/fighter/Alexander-Gustafsson-26162
Alexander Yakovlev,sherdog.com/fighter/Alexander-Yakovlev-10846
Alexandra Albu,sherdog.com/fighter/Aleksandra-Albu-144949
Alexis Davis,sherdog.com/fighter/Alexis-Davis-22071
Ali Bagautinov,sherdog.com/fighter/Ali-Bagautinov-81198
Alistair Overeem,sherdog.com/fighter/Alistair-Overeem-461
Aljamain Sterling,sherdog.com/fighter/Aljamain-Sterling-66313
Amanda Nunes,sherdog.com/fighter/Amanda-Nunes-31496
Anderson Silva,sherdog.com/fighter/Anderson-Silva-1356
Andre Fili,sherdog.com/fighter/Andre-Fili-58385
Andreas Stahl,sherdog.com/fighter/Andreas-Stahl-57322
Andrei Arlovski,sherdog.com/fighter/Andrei-Arlovski-270
Andrew Holbrook,sherdog.com/fighter/Andrew-Holbrook-78384
Angela Hill,sherdog.com/fighter/Angela-Hill-148517
Angela Magana,sherdog.com/fighter/Angela-Magana-21720
Anthony Birchak,sherdog.com/fighter/Anthony-Birchak-53300
Anthony Hamilton,sherdog.com/fighter/Anthony-Hamilton-58947
Anthony Johnson,sherdog.com/fighter/Anthony-Johnson-17662
Anthony Perosh,sherdog.com/fighter/Anthony-Perosh-9491
Anthony Pettis,sherdog.com/fighter/Anthony-Pettis-26627
Antonio Braga Neto,sherdog.com/fighter/Antonio-Braga-Neto-19530
Antonio Carlos Junior,sherdog.com/fighter/Antonio-Carlos-Jr-143157
Antonio Rogerio Nogueira,sherdog.com/fighter/Antonio-Rogerio-Nogueira-2270
Antonio Silva,sherdog.com/fighter/Antonio-Silva-12354
Arnold Allen,sherdog.com/fighter/Arnold-Allen-97499
Ashlee Evans-Smith,sherdog.com/fighter/Ashlee-EvansSmith-75021
Augusto Montano,sherdog.com/fighter/Augusto-Montano-41494
Bartosz Fabinski,sherdog.com/fighter/Bartosz-Fabinski-87101
Bec Rawlings,sherdog.com/fighter/Bec-Rawlings-84964
Ben Nguyen,sherdog.com/fighter/Ben-Nguyen-8183
Ben Rothwell,sherdog.com/fighter/Ben-Rothwell-2262
Ben Saunders,sherdog.com/fighter/Ben-Saunders-10339
Beneil Dariush,sherdog.com/fighter/Beneil-Dariush-56583
Benson Henderson,sherdog.com/fighter/Benson-Henderson-20548
Bethe Correia,sherdog.com/fighter/Bethe-Correia-103069
Bilyal Makhov,
Bobby Green,sherdog.com/fighter/Bobby-Green-27953
Brad Pickett,sherdog.com/fighter/Brad-Pickett-11743
Brad Tavares,sherdog.com/fighter/Brad-Tavares-33095
Bradley Scott,sherdog.com/fighter/Bradley-Scott-44442
Brandon Thatch,sherdog.com/fighter/Brandon-Thatch-22298
Brendan O'Reilly,sherdog.com/fighter/Brendan-OReilly-52633
Brian Ortega,sherdog.com/fighter/Brian-Ortega-65310
Bryan Barberena,sherdog.com/fighter/Bryan-Barberena-51471
Bryan Caraway,sherdog.com/fighter/Bryan-Caraway-13791
Bubba Bush,sherdog.com/fighter/Bubba-Bush-29111
Cain Velasquez,sherdog.com/fighter/Cain-Velasquez-19102
Caio Magalhaes,sherdog.com/fighter/Caio-Magalhaes-51163
Carla Esparza,sherdog.com/fighter/Carla-Esparza-63410
Carlos Condit,sherdog.com/fighter/Carlos-Condit-6765
Carlos Diego Ferreira,sherdog.com/fighter/Carlos-Diego-Ferreira-26358
Cat Zingano,sherdog.com/fighter/Cat-Zingano-33932
Cathal Pendred,sherdog.com/fighter/Cathal-Pendred-64373
CB Dollaway,sherdog.com/fighter/CB-Dollaway-22350
Cezar Ferreira,sherdog.com/fighter/Cezar-Ferreira-22400
Chad Laprise,sherdog.com/fighter/Chad-Laprise-69681
Chad Mendes,sherdog.com/fighter/Chad-Mendes-38393
Charles Oliveira,sherdog.com/fighter/Charles-Oliveira-30300
Charles Rosa,sherdog.com/fighter/Charles-Rosa-71116
Chas Skelly,sherdog.com/fighter/Chas-Skelly-47227
Chico Camus,sherdog.com/fighter/Chico-Camus-42850
Chris Beal,sherdog.com/fighter/Chris-Beal-53369
Chris Camozzi,sherdog.com/fighter/Chris-Camozzi-17224
Chris Cariaso,sherdog.com/fighter/Chris-Cariaso-16467
Chris de la Rocha,sherdog.com/fighter/Chris-de-la-Rocha-146377
Chris Dempsey,sherdog.com/fighter/Chris-Dempsey-79277
Chris Kelades,sherdog.com/fighter/Chris-Kelades-51576
Chris Wade,sherdog.com/fighter/Chris-Wade-79335
Chris Weidman,sherdog.com/fighter/Chris-Weidman-42804
Claudia Gadelha,sherdog.com/fighter/Claudia-Gadelha-48404
Claudio Henrique da Silva,sherdog.com/fighter/Claudio-Henrique-da-Silva-25830
Clay Collard,sherdog.com/fighter/Clay-Collard-78465
Clay Guida,sherdog.com/fighter/Clay-Guida-8184
Clint Hester,sherdog.com/fighter/Clint-Hester-43866
CM Punk,sherdog.com/fighter/Phil-Brooks-184933
Cody Garbrandt,sherdog.com/fighter/Cody-Garbrandt-50381
Cody Pfister,sherdog.com/fighter/Cody-Pfister-48481
Colby Covington,sherdog.com/fighter/Colby-Covington-57269
Cole Miller,sherdog.com/fighter/Cole-Miller-13133
Conor McGregor,sherdog.com/fighter/Conor-McGregor-29688
Corey Anderson,sherdog.com/fighter/Corey-Anderson-67423
Cortney Casey,sherdog.com/fighter/Cortney-Casey-91121
Court McGee,sherdog.com/fighter/Court-McGee-34124
Cub Swanson,sherdog.com/fighter/Cub-Swanson-11002
Damian Grabowski,sherdog.com/fighter/Damian-Grabowski-30320
Damian Stasiak,sherdog.com/fighter/Damian-Stasiak-86920
Damon Jackson,sherdog.com/fighter/Damon-Jackson-113767
Dan Henderson,sherdog.com/fighter/Dan-Henderson-195
Dan Jolly,sherdog.com/fighter/Daniel-Jolly-83243
Daniel Cormier,sherdog.com/fighter/Daniel-Cormier-52311
Daniel Hooker,sherdog.com/fighter/Daniel-Hooker-45122
Daniel Kelly,sherdog.com/fighter/Daniel-Kelly-49516
Daniel Omielanczuk,sherdog.com/fighter/Daniel-Omielanczuk-54303
Daniel Sarafian,sherdog.com/fighter/Daniel-Sarafian-17665
Danny Castillo,sherdog.com/fighter/Danny-Castillo-26070
Danny Martinez,sherdog.com/fighter/Danny-Martinez-16777
Danny Roberts,sherdog.com/fighter/Danny-Roberts-64677
Daron Cruickshank,sherdog.com/fighter/Daron-Cruickshank-53717
Darren Elkins,sherdog.com/fighter/Darren-Elkins-22094
Darren Till,sherdog.com/fighter/Darren-Till-73436
David Grant,sherdog.com/fighter/Davey-Grant-30564
Demetrious Johnson,sherdog.com/fighter/Demetrious-Johnson-45452
Demian Maia,sherdog.com/fighter/Demian-Maia-14637
Dennis Bermudez,sherdog.com/fighter/Dennis-Bermudez-58065
Dennis Siver,sherdog.com/fighter/Dennis-Siver-9817
Derek Brunson,sherdog.com/fighter/Derek-Brunson-68494
Derrick Lewis,sherdog.com/fighter/Derrick-Lewis-59284
Diego Brandao,sherdog.com/fighter/Diego-Brandao-25097
Diego Rivas,sherdog.com/fighter/Diego-Rivas-81835
Diego Sanchez,sherdog.com/fighter/Diego-Sanchez-4824
Dileno Lopes,sherdog.com/fighter/Dileno-Lopes-29635
Dominic Waters,sherdog.com/fighter/Dominic-Waters-68971
Dominick Cruz,sherdog.com/fighter/Dominick-Cruz-12107
Dominique Steele,sherdog.com/fighter/Dominique-Steele-47845
Donald Cerrone,sherdog.com/fighter/Donald-Cerrone-15105
Dong Hyun Kim,sherdog.com/fighter/Dong-Hyun-Kim-16374
Dongi Yang,sherdog.com/fighter/Dongi-Yang-23501
Dooho Choi,sherdog.com/fighter/Doo-Ho-Choi-56689
Douglas Silva de Andrade,sherdog.com/fighter/Douglas-Silva-de-Andrade-87981
Drew Dober,sherdog.com/fighter/Drew-Dober-23982
Dustin Ortiz,sherdog.com/fighter/Dustin-Ortiz-58097
Dustin Poirier,sherdog.com/fighter/Dustin-Poirier-50529
Ed Herman,sherdog.com/fighter/Ed-Herman-6561
Eddie Alvarez,sherdog.com/fighter/Eddie-Alvarez-9265
Eddie Wineland,sherdog.com/fighter/Eddie-Wineland-4173
Edgar Garcia,sherdog.com/fighter/Edgar-Garcia-23108
Edimilson Souza,sherdog.com/fighter/Edimilson-Souza-57343
Edson Barboza,sherdog.com/fighter/Edson-Barboza-46259
Efrain Escudero,sherdog.com/fighter/Efrain-Escudero-16555
Elias Theodorou,sherdog.com/fighter/Elias-Theodorou-81765
Elizabeth Phillips,sherdog.com/fighter/Elizabeth-Phillips-83021
Elizeu Zaleski,sherdog.com/fighter/Elizeu-Zaleski-dos-Santos-63825
Emily Kagan,sherdog.com/fighter/Emily-Kagan-68959
Erick Silva,sherdog.com/fighter/Erick-Silva-15009
Ericka Almeida,sherdog.com/fighter/Ericka-Almeida-98419
Erik Koch,sherdog.com/fighter/Erik-Koch-23390
Erik Perez,sherdog.com/fighter/Erik-Perez-35509
Evan Dunham,sherdog.com/fighter/Evan-Dunham-22038
Fabio Maldonado,sherdog.com/fighter/Fabio-Maldonado-16426
Fabricio Werdum,sherdog.com/fighter/Fabricio-Werdum-8390
Felice Herrig,sherdog.com/fighter/Felice-Herrig-42432
Felipe Arantes,sherdog.com/fighter/Felipe-Arantes-31372
Felipe Olivieri,sherdog.com/fighter/Felipe-Olivieri-28181
Fernando Bruno,sherdog.com/fighter/Fernando-Bruno-25491
Francimar Barroso,sherdog.com/fighter/Francimar-Barroso-14702
Francis Ngannou,sherdog.com/fighter/Francis-Ngannou-152341
Francisco Rivera,sherdog.com/fighter/Francisco-Rivera-11908
Francisco Trinaldo,sherdog.com/fighter/Francisco-Trinaldo-31103
Frank Mir,sherdog.com/fighter/Frank-Mir-2329
Frankie Edgar,sherdog.com/fighter/Frankie-Edgar-14204
Frankie Saenz,sherdog.com/fighter/Frankie-Saenz-55410
Fredy Serrano,sherdog.com/fighter/Freddy-Serrano-112413
Gabriel Benitez,sherdog.com/fighter/Gabriel-Benitez-25733
Gabriel Gonzaga,sherdog.com/fighter/Gabriel-Gonzaga-7306
Garreth McLellan,sherdog.com/fighter/Garreth-McLellan-71237
Gasan Umalatov,sherdog.com/fighter/Gasan-Umalatov-53109
Geane Herrera,sherdog.com/fighter/Geane-Herrera-79290
Gegard Mousasi,sherdog.com/fighter/Gegard-Mousasi-7466
George Roop,sherdog.com/fighter/George-Roop-16415
George Sullivan,sherdog.com/fighter/George-Sullivan-15148
Germaine de Randamie,sherdog.com/fighter/Germaine-de-Randamie-41745
Gian Villante,sherdog.com/fighter/Gian-Villante-42802
Gilbert Burns,sherdog.com/fighter/Gilbert-Burns-91727
Gilbert Melendez,sherdog.com/fighter/Gilbert-Melendez-5545
Glaico Franca,sherdog.com/fighter/Glaico-Franca-117927
Gleison Tibau,sherdog.com/fighter/Gleison-Tibau-5993
Glover Teixeira,sherdog.com/fighter/Glover-Teixeira-4655
Godofredo Pepey,sherdog.com/fighter/Godofredo-Castro-40623
Gray Maynard,sherdog.com/fighter/Gray-Maynard-15835
Guido Cannetti,sherdog.com/fighter/Guido-Cannetti-69513
Gunnar Nelson,sherdog.com/fighter/Gunnar-Nelson-25246
Hacran Dias,sherdog.com/fighter/Hacran-Dias-19789
Hayder Hassan,sherdog.com/fighter/Hayder-Hassan-46033
Heather Clark,sherdog.com/fighter/Heather-Clark-67132
Hector Lombard,sherdog.com/fighter/Hector-Lombard-11292
Hector Urbina,sherdog.com/fighter/Hector-Urbina-18168
Henry Briones,sherdog.com/fighter/Enrique-Briones-20939
Henry Cejudo,sherdog.com/fighter/Henry-Cejudo-125297
Holly Holm,sherdog.com/fighter/Holly-Holm-75125
Hugo Viana,sherdog.com/fighter/Hugo-Viana-65456
Hyun Gyu Lim,sherdog.com/fighter/Hyun-Gyu-Lim-21040
Ian Entwistle,sherdog.com/fighter/Ian-Entwistle-50588
Ian McCall,sherdog.com/fighter/Ian-McCall-5001
Ilir Latifi,sherdog.com/fighter/Ilir-Latifi-40207
Islam Makhachev,sherdog.com/fighter/Islam-Makhachev-76836
Iuri Alcantara,sherdog.com/fighter/Iuri-Alcantara-16129
Jake Collier,sherdog.com/fighter/Jake-Collier-83599
Jake Ellenberger,sherdog.com/fighter/Jake-Ellenberger-13068
Jake Matthews,sherdog.com/fighter/Jake-Matthews-122139
James Krause,sherdog.com/fighter/James-Krause-31766
James Moontasri,sherdog.com/fighter/James-Moontasri-36889
James Te Huna,sherdog.com/fighter/James-Te-Huna-9033
James Vick,sherdog.com/fighter/James-Vick-81956
Jan Blachowicz,sherdog.com/fighter/Jan-Blachowicz-25821
Jared Cannonier,sherdog.com/fighter/Jared-Cannonier-78628
Jared Rosholt,sherdog.com/fighter/Jared-Rosholt-76763
Jarjis Danho,sherdog.com/fighter/Jarjis-Danho-76397
Jason Saggo,sherdog.com/fighter/Jason-Saggo-58213
Jeremy Stephens,sherdog.com/fighter/Jeremy-Stephens-12179
Jerrod Sanders,sherdog.com/fighter/Jerrod-Sanders-48156
Jessamyn Duke,sherdog.com/fighter/Jessamyn-Duke-71307
Jessica Aguilar,sherdog.com/fighter/Jessica-Aguilar-15174
Jessica Andrade,sherdog.com/fighter/Jessica-Andrade-100715
Jessica Eye,sherdog.com/fighter/Jessica-Eye-39575
Jessica Penne,sherdog.com/fighter/Jessica-Penne-21247
Jim Alers,sherdog.com/fighter/Jim-Alers-36581
Jim Miller,sherdog.com/fighter/Jim-Miller-14463
Jimi Manuwa,sherdog.com/fighter/Jimi-Manuwa-37528
Jimmie Rivera,sherdog.com/fighter/Jimmie-Rivera-40954
Jimy Hettes,sherdog.com/fighter/Jim-Hettes-48046
Joanna Jedrzejczyk,sherdog.com/fighter/Joanna-Jedrzejczyk-101411
Joanne Calderwood,sherdog.com/fighter/Joanne-Calderwood-94103
Joaquim Silva,sherdog.com/fighter/Joaquim-Silva-146291
Joby Sanchez,sherdog.com/fighter/Joby-Sanchez-50239
Joe Ellenberger,sherdog.com/fighter/Joe-Ellenberger-14173
Joe Lauzon,sherdog.com/fighter/Joe-Lauzon-4923
Joe Proctor,sherdog.com/fighter/Joe-Proctor-46307
Joe Riggs,sherdog.com/fighter/Joe-Riggs-2765
Joe Soto,sherdog.com/fighter/Joe-Soto-17004
John Dodson,sherdog.com/fighter/John-Dodson-11660
John Hathaway,sherdog.com/fighter/John-Hathaway-16704
John Howard,sherdog.com/fighter/John-Howard-11798
John Lineker,sherdog.com/fighter/John-Lineker-41906
John Makdessi,sherdog.com/fighter/John-Makdessi-37402
John Moraga,sherdog.com/fighter/John-Moraga-55159
Johnny Case,sherdog.com/fighter/Johnny-Case-28017
Johnny Eduardo,sherdog.com/fighter/Johnny-Eduardo-426
Johny Hendricks,sherdog.com/fighter/Johny-Hendricks-24539
Jon Delos Reyes,sherdog.com/fighter/Jon-delos-Reyes-58594
Jon Jones,sherdog.com/fighter/Jon-Jones-27944
Jon Tuck,sherdog.com/fighter/Jon-Tuck-45108
Jonathan Wilson,sherdog.com/fighter/Jonathan-Wilson-108571
Jonavin Webb,sherdog.com/fighter/Jonavin-Webb-81634
Jorge Masvidal,sherdog.com/fighter/Jorge-Masvidal-7688
Jose Alberto Quinonez,sherdog.com/fighter/Jose-Alberto-Quinonez-152627
José Aldo,sherdog.com/fighter/Jose-Aldo-11506
Joseph Benavidez,sherdog.com/fighter/Joseph-Benavidez-15008
Joseph Duffy,sherdog.com/fighter/Joseph-Duffy-17052
Josh Barnett,sherdog.com/fighter/Josh-Barnett-272
Josh Burkman,sherdog.com/fighter/Josh-Burkman-10003
Josh Samman,sherdog.com/fighter/Josh-Samman-17460
Juliana Lima,sherdog.com/fighter/Juliana-de-Lima-Carneiro-73710
Julianna Pena,sherdog.com/fighter/Julianna-Pena-50883
Jumabieke Tuerxun,sherdog.com/fighter/Jumabieke-Tuerxun-83505
Junior dos Santos,sherdog.com/fighter/Junior-dos-Santos-17272
Jussier Formiga,sherdog.com/fighter/Jussier-da-Silva-36939
Justin Salas,sherdog.com/fighter/Justin-Salas-16180
Justin Scoggins,sherdog.com/fighter/Justin-Scoggins-71120
Justine Kish,sherdog.com/fighter/Justine-Kish-67098
K.J. Noons,sherdog.com/fighter/KJ-Noons-6727
Kailin Curran,sherdog.com/fighter/Kailin-Curran-62703
Kajan Johnson,sherdog.com/fighter/Kajan-Johnson-5615
Kamaru Usman,sherdog.com/fighter/Kamaru-Usman-120691
Karolina Kowalkiewicz,sherdog.com/fighter/Karolina-Kowalkiewicz-101401
Katsunori Kikuno,sherdog.com/fighter/Katsunori-Kikuno-16806
Keita Nakamura,sherdog.com/fighter/Keita-Nakamura-9572
Keith Berish,sherdog.com/fighter/Keith-Berish-46314
Kelvin Gastelum,sherdog.com/fighter/Kelvin-Gastelum-74700
Kenny Robertson,sherdog.com/fighter/Kenny-Robertson-31978
Kevin Casey,sherdog.com/fighter/Kevin-Casey-24121
Kevin Lee,sherdog.com/fighter/Kevin-Lee-84342
Khabib Nurmagomedov,sherdog.com/fighter/Khabib-Nurmagomedov-56035
Kiichi Kunimoto,sherdog.com/fighter/Kiichi-Kunimoto-21039
Konstantin Erokhin,sherdog.com/fighter/Konstantin-Erokhin-98151
Krzysztof Jotko,sherdog.com/fighter/Krzysztof-Jotko-53380
Kyle Noke,sherdog.com/fighter/Kyle-Noke-7632
Kyoji Horiguchi,sherdog.com/fighter/Kyoji-Horiguchi-64413
Larissa Pacheco,sherdog.com/fighter/Larissa-Pacheco-144115
Lauren Murphy,sherdog.com/fighter/Lauren-Murphy-66725
Leandro Issa,sherdog.com/fighter/Leandro-Issa-19521
Leandro Silva,sherdog.com/fighter/Leandro-Silva-86382
Leo Kuntz,sherdog.com/fighter/Leo-Kuntz-44602
Leon Edwards,sherdog.com/fighter/Leon-Edwards-62665
Leonardo Guimaraes,sherdog.com/fighter/Leonardo-Guimaraes-14971
Leonardo Morales,sherdog.com/fighter/Leonardo-Morales-111777
Leonardo Santos,sherdog.com/fighter/Leonardo-Santos-4810
Leslie Smith,sherdog.com/fighter/Leslie-Smith-46542
Levan Makashvili,sherdog.com/fighter/Levan-Makashvili-126881
Li Jingliang,sherdog.com/fighter/Jingliang-Li-26381
Liz Carmouche,sherdog.com/fighter/Liz-Carmouche-67007
Lorenz Larkin,sherdog.com/fighter/Lorenz-Larkin-51345
Louis Smolka,sherdog.com/fighter/Louis-Smolka-64792
Lucas Martins,sherdog.com/fighter/Lucas-Martins-100031
Luiz Henrique,sherdog.com/fighter/Luiz-Henrique-6608
Lukasz Sajewski,sherdog.com/fighter/Lukasz-Sajewski-31110
Luke Rockhold,sherdog.com/fighter/Luke-Rockhold-23345
Lyman Good,sherdog.com/fighter/Lyman-Good-14207
Lyoto Machida,sherdog.com/fighter/Lyoto-Machida-7513
Magnus Cedenblad,sherdog.com/fighter/Magnus-Cedenblad-22137
Magomed Mustafaev,sherdog.com/fighter/Magomed-Mustafaev-80231
Mairbek Taisumov,sherdog.com/fighter/Mairbek-Taisumov-33161
Makwan Amirkhani,sherdog.com/fighter/Makwan-Amirkhani-69406
Manny Gamburyan,sherdog.com/fighter/Manny-Gamburyan-5185
Marcio Alexandre Jr.,sherdog.com/fighter/Marcio-Alexandre-Jr-95457
Marco Beltran,sherdog.com/fighter/Marco-Beltran-40285
Marcos Rogerio de Lima,sherdog.com/fighter/Marcos-Rogerio-de-Lima-51955
Marion Reneau,sherdog.com/fighter/Marion-Reneau-61266
Mark Eddiva,sherdog.com/fighter/Mark-Eddiva-75370
Mark Hunt,sherdog.com/fighter/Mark-Hunt-10668
Marlon Vera,sherdog.com/fighter/Marlon-Vera-97179
Maryna Moroz,sherdog.com/fighter/Maryna-Moroz-151905
Masanori Kanehara,sherdog.com/fighter/Masanori-Kanehara-13767
Masio Fullen,sherdog.com/fighter/Masio-Fullen-40356
Matt Brown,sherdog.com/fighter/Matt-Brown-14310
Matt Dwyer,sherdog.com/fighter/Matt-Dwyer-53933
Matt Hobar,sherdog.com/fighter/Matt-Hobar-59713
Matt Mitrione,sherdog.com/fighter/Matt-Mitrione-49519
Matt Wiman,sherdog.com/fighter/Matt-Wiman-12236
Mauricio Rua,sherdog.com/fighter/Mauricio-Rua-5707
Max Holloway,sherdog.com/fighter/Max-Holloway-38671
Maximo Blanco,sherdog.com/fighter/Maximo-Blanco-36618
Michael Bisping,sherdog.com/fighter/Michael-Bisping-10196
Michael Chiesa,sherdog.com/fighter/Michael-Chiesa-46224
Michael Graves,sherdog.com/fighter/Michael-Graves-64989
Michael Johnson,sherdog.com/fighter/Michael-Johnson-68788
Michael McDonald,sherdog.com/fighter/Michael-McDonald-30297
Michel Prazeres,sherdog.com/fighter/Michel-Richard-Cunha-dos-Prazeres...
Michelle Waterson,sherdog.com/fighter/Michelle-Waterson-23091
Michinori Tanaka,sherdog.com/fighter/Michinori-Tanaka-71942
Mickael Lebout,sherdog.com/fighter/Mickael-Lebout-81143
Miesha Tate,sherdog.com/fighter/Miesha-Tate-26252
Mike De La Torre,sherdog.com/fighter/Mike-de-la-Torre-17915
Mike Pierce,sherdog.com/fighter/Mike-Pierce-25415
Mike Pyle,sherdog.com/fighter/Mike-Pyle-4577
Mike Wilkinson,sherdog.com/fighter/Mike-Wilkinson-50586
Milana Dudieva,sherdog.com/fighter/Milana-Dudieva-43885
Mirko Cro Cop,sherdog.com/fighter/Mirko-Filipovic-2326
Mirsad Bektic,sherdog.com/fighter/Mirsad-Bektic-59766
Misha Cirkunov,sherdog.com/fighter/Misha-Cirkunov-59197
Mitch Clarke,sherdog.com/fighter/Mitch-Clarke-22556
Mitch Gagnon,sherdog.com/fighter/Mitch-Gagnon-37404
Mizuto Hirota,sherdog.com/fighter/Mizuto-Hirota-12078
Myles Jury,sherdog.com/fighter/Myles-Jury-34236
Nate Diaz,sherdog.com/fighter/Nate-Diaz-11451
Nate Marquardt,sherdog.com/fighter/Nate-Marquardt-1712
Neil Magny,sherdog.com/fighter/Neil-Magny-69166
Neil Seery,sherdog.com/fighter/Neil-Seery-14062
Nicholas Musoke,sherdog.com/fighter/Nicholas-Musoke-26160
Nick Diaz,sherdog.com/fighter/Nick-Diaz-2831
Nick Hein,sherdog.com/fighter/Nick-Hein-50774
Nicolas Dalby,sherdog.com/fighter/Nicolas-Dalby-63608
Nik Lentz,sherdog.com/fighter/Nik-Lentz-15058
Nikita Krylov,sherdog.com/fighter/Nikita-Krylov-110937
Nina Ansaroff,sherdog.com/fighter/Nina-Ansaroff-69632
Ning Guangyou,sherdog.com/fighter/Guangyou-Ning-26389
Noad Lahat,sherdog.com/fighter/Noad-Lahat-35732
Nordine Taleb,sherdog.com/fighter/Nordine-Taleb-26261
Norifumi Yamamoto,sherdog.com/fighter/Norifumi-Yamamoto-1354
Norman Parke,sherdog.com/fighter/Norman-Parke-47549
Oleksiy Oliynyk,sherdog.com/fighter/Alexey-Oleinik-2027
Olivier Aubin-Mercier,sherdog.com/fighter/Olivier-AubinMercier-86241
Oluwale Bamgbose,sherdog.com/fighter/Oluwale-Bamgbose-103153
Omari Akhmedov,sherdog.com/fighter/Omari-Akhmedov-83462
Ovince St. Preux,sherdog.com/fighter/Ovince-St-Preux-38842
Paige VanZant,sherdog.com/fighter/Paige-VanZant-99019
Patrick Cote,sherdog.com/fighter/Patrick-Cote-6612
Patrick Cummins,sherdog.com/fighter/Patrick-Cummins-72981
Patrick Holohan,sherdog.com/fighter/Patrick-Holohan-63616
Patrick Williams,sherdog.com/fighter/Patrick-Williams-69607
Paul Felder,sherdog.com/fighter/Paul-Felder-68205
Paul Redmond,sherdog.com/fighter/Paul-Redmond-56615
Pedro Munhoz,sherdog.com/fighter/Pedro-Munhoz-52407
Peter Sobotta,sherdog.com/fighter/Peter-Sobotta-15816
Phillipe Nover,sherdog.com/fighter/Phillipe-Nover-7415
Piotr Hallmann,sherdog.com/fighter/Piotr-Hallmann-53375
Rafael Cavalcante,sherdog.com/fighter/Rafael-Cavalcante-16161
Rafael dos Anjos,sherdog.com/fighter/Rafael-dos-Anjos-11675
Rafael Natal,sherdog.com/fighter/Rafael-Natal-13968
Randa Markos,sherdog.com/fighter/Randa-Markos-75417
Rani Yahya,sherdog.com/fighter/Rani-Yahya-10425
Raphael Assuncao,sherdog.com/fighter/Raphael-Assuncao-9574
Raquel Pennington,sherdog.com/fighter/Raquel-Pennington-75564
Rashad Evans,sherdog.com/fighter/Rashad-Evans-10200
Rashid Magomedov,sherdog.com/fighter/Rashid-Magomedov-41524
Ray Borg,sherdog.com/fighter/Ray-Borg-84752
Reginaldo Vieira,sherdog.com/fighter/Reginaldo-Vieira-52454
Renan Barão,sherdog.com/fighter/Renan-Barao-23156
Renato Moicano,sherdog.com/fighter/Renato-Carneiro-61700
Reza Madadi,sherdog.com/fighter/Reza-Madadi-18921
Ricardo Abreu,sherdog.com/fighter/Ricardo-Abreu-82392
Ricardo Lamas,sherdog.com/fighter/Ricardo-Lamas-32051
Richard Walsh,sherdog.com/fighter/Richard-Walsh-55587
Richie Vaculik,sherdog.com/fighter/Richie-Vaculik-21798
Rick Story,sherdog.com/fighter/Rick-Story-25989
Rin Nakai,sherdog.com/fighter/Rin-Nakai-18887
Roan Carneiro,sherdog.com/fighter/Roan-Carneiro-2886
Rob Font,sherdog.com/fighter/Rob-Font-76100
Robbie Lawler,sherdog.com/fighter/Robbie-Lawler-2245
Robert Whiteford,sherdog.com/fighter/Robert-Whiteford-47105
Robert Whittaker,sherdog.com/fighter/Robert-Whittaker-45132
Roldan Sangcha-an,sherdog.com/fighter/Roldan-Sangchaan-103497
Roman Salazar,sherdog.com/fighter/Roman-Salazar-24790
Ronaldo Souza,sherdog.com/fighter/Ronaldo-Souza-8394
Ronda Rousey,sherdog.com/fighter/Ronda-Rousey-73073
Rony Jason,sherdog.com/fighter/Rony-Mariano-Bezerra-38190
Rory MacDonald,sherdog.com/fighter/Rory-MacDonald-14018
Rose Namajunas,sherdog.com/fighter/Rose-Namajunas-69083
Ross Pearson,sherdog.com/fighter/Ross-Pearson-11884
Roy Nelson,sherdog.com/fighter/Roy-Nelson-10249
Ruslan Magomedov,sherdog.com/fighter/Ruslan-Magomedov-74434
Russell Doane,sherdog.com/fighter/Russell-Doane-30054
Rustam Khabilov,sherdog.com/fighter/Rustam-Khabilov-45417
Ryan Bader,sherdog.com/fighter/Ryan-Bader-22858
Ryan Benoit,sherdog.com/fighter/Ryan-Benoit-48566
Ryan LaFlare,sherdog.com/fighter/Ryan-LaFlare-34409
Sage Northcutt,sherdog.com/fighter/Sage-Northcutt-130911
Sam Alvey,sherdog.com/fighter/Sam-Alvey-35410
Sam Sicilia,sherdog.com/fighter/Sam-Sicilia-53205
Santiago Ponzinibbio,sherdog.com/fighter/Santiago-Ponzinibbio-64593
Sara McMann,sherdog.com/fighter/Sara-McMann-67094
Sarah Kaufman,sherdog.com/fighter/Sarah-Kaufman-16524
Sarah Moras,sherdog.com/fighter/Sarah-Moras-61600
Scott Askham,sherdog.com/fighter/Scott-Askham-40518
Scott Holtzman,sherdog.com/fighter/Scott-Holtzman-78210
Scott Jorgensen,sherdog.com/fighter/Scott-Jorgensen-16852
Sean O'Connell,sherdog.com/fighter/Sean-OConnell-33156
Sean Spencer,sherdog.com/fighter/Sean-Spencer-60908
Sean Strickland,sherdog.com/fighter/Sean-Strickland-30452
Seohee Ham,sherdog.com/fighter/Seo-Hee-Ham-21246
Sergio Moraes,sherdog.com/fighter/Sergio-Moraes-21343
Sergio Pettis,sherdog.com/fighter/Sergio-Pettis-50987
Shamil Abdurahimov,sherdog.com/fighter/Shamil-Abdurakhimov-26808
Shane Campbell,sherdog.com/fighter/Shane-Campbell-34625
Shawn Jordan,sherdog.com/fighter/Shawn-Jordan-45624
Sheldon Westcott,sherdog.com/fighter/Sheldon-Westcott-23648
Shinsho Anzai,sherdog.com/fighter/Shinsho-Anzai-47183
Sirwan Kakai,sherdog.com/fighter/Sirwan-Kakai-21446
Siyar Bahadurzada,sherdog.com/fighter/Siyar-Bahadurzada-5453
Stefan Struve,sherdog.com/fighter/Stefan-Struve-15063
Stephen Thompson,sherdog.com/fighter/Stephen-Thompson-59608
Steve Bosse,sherdog.com/fighter/Steve-Bosse-22732
Steve Kennedy,sherdog.com/fighter/Steve-Kennedy-31092
Steve Montgomery,sherdog.com/fighter/Steve-Montgomery-49092
Steven Ray,sherdog.com/fighter/Steven-Ray-59838
Stipe Miocic,sherdog.com/fighter/Stipe-Miocic-39537
Sultan Aliev,sherdog.com/fighter/Sultan-Aliev-89761
T.J. Dillashaw,sherdog.com/fighter/TJ-Dillashaw-62507
Tae Hyun Bang,sherdog.com/fighter/Tae-Hyun-Bang-23167
Takanori Gomi,sherdog.com/fighter/Takanori-Gomi-425
Takeya Mizugaki,sherdog.com/fighter/Takeya-Mizugaki-12074
Tamdan McCrory,sherdog.com/fighter/Tamdan-McCrory-16470
Tarec Saffiedine,sherdog.com/fighter/Tarec-Saffiedine-21912
Tatsuya Kawajiri,sherdog.com/fighter/Tatsuya-Kawajiri-1326
Taylor Lapilus,sherdog.com/fighter/Taylor-Lapilus-97337
Tecia Torres,sherdog.com/fighter/Tecia-Torres-85096
Teemu Packalen,sherdog.com/fighter/Teemu-Packalen-92415
Teruto Ishihara,sherdog.com/fighter/Teruto-Ishihara-78898
Thales Leites,sherdog.com/fighter/Thales-Leites-8593
Thiago Alves,sherdog.com/fighter/Thiago-Alves-5998
Thiago Santos,sherdog.com/fighter/Thiago-Santos-90021
Thiago Tavares,sherdog.com/fighter/Thiago-Tavares-4647
Thomas Almeida,sherdog.com/fighter/Thomas-Almeida-87865
Tiago Trator,sherdog.com/fighter/Tiago-dos-Santos-e-Silva-78479
Tim Boetsch,sherdog.com/fighter/Tim-Boetsch-19544
Tim Means,sherdog.com/fighter/Tim-Means-11281
Timothy Johnson,sherdog.com/fighter/Timothy-Johnson-72706
Tina Lahdemaki,sherdog.com/fighter/Tina-Lahdemaki-70795
Todd Duffee,sherdog.com/fighter/Todd-Duffee-22903
Tom Breese,sherdog.com/fighter/Tom-Breese-45986
Tom Lawlor,sherdog.com/fighter/Tom-Lawlor-21940
Tony Ferguson,sherdog.com/fighter/Tony-Ferguson-31239
Tony Martin,sherdog.com/fighter/Tony-Martin-80436
Tony Sims,sherdog.com/fighter/Tony-Sims-30021
Travis Browne,sherdog.com/fighter/Travis-Browne-16785
Trevor Smith,sherdog.com/fighter/Trevor-Smith-51113
Tyron Woodley,sherdog.com/fighter/Tyron-Woodley-42605
Uriah Hall,sherdog.com/fighter/Uriah-Hall-14210
Urijah Faber,sherdog.com/fighter/Urijah-Faber-8847
Valerie Letourneau,sherdog.com/fighter/Valerie-Letourneau-21851
Valmir Lazaro,sherdog.com/fighter/Valmir-Lazaro-22216
Vaughan Lee,sherdog.com/fighter/Vaughan-Lee-6946
Vicente Luque,sherdog.com/fighter/Vicente-Luque-66474
Viktor Pesta,sherdog.com/fighter/Viktor-Pesta-74176
Vinc Pichel,sherdog.com/fighter/Vinc-Pichel-57848
Viscardi Andrade,sherdog.com/fighter/Viscardi-Andrade-30298
Vitor Belfort,sherdog.com/fighter/Vitor-Belfort-156
Vitor Miranda,sherdog.com/fighter/Vitor-Miranda-13004
Walt Harris,sherdog.com/fighter/Walt-Harris-72046
Warlley Alves,sherdog.com/fighter/Warlley-Alves-70750
Willie Gates,sherdog.com/fighter/Willie-Gates-40436
Wilson Reis,sherdog.com/fighter/Wilson-Reis-23401
Yair Rodriguez,sherdog.com/fighter/Yair-Rodriguez-106305
Yan Cabral,sherdog.com/fighter/Yan-Cabral-27090
Yancy Medeiros,sherdog.com/fighter/Yancy-Medeiros-27738
Yao Zhikui,sherdog.com/fighter/Zhikui-Yao-122383
Yaotzin Meza,sherdog.com/fighter/Yaotzin-Meza-15937
Yoel Romero,sherdog.com/fighter/Yoel-Romero-60762
Yoshihiro Akiyama,sherdog.com/fighter/Yoshihiro-Akiyama-11895
Yui Chul Nam,sherdog.com/fighter/Yui-Chul-Nam-15987
Yusuke Kasuya,sherdog.com/fighter/Yusuke-Kasuya-63414
Yuta Sasaki,sherdog.com/fighter/Yuta-Sasaki-63070
Yves Jabouin,sherdog.com/fighter/Yves-Jabouin-1693
Zach Makovsky,sherdog.com/fighter/Zach-Makovsky-20522
Zak Cummings,sherdog.com/fighter/Zak-Cummings-31808
Zubaira Tukhugov,sherdog.com/fighter/Zubaira-Tukhugov-63813
